disdl_epoch_time(min),tensorsocket_epoch_time(min),coordl_epoch_time(min),disdl_epoch_cost($),tensorsocket_epoch_cost($),coordl_epoch_cost($),disdl_compute_pct,disdl_io_pct,disdl_transform_pct,tensorsocket_compute_pct,tensorsocket_io_pct,tensorsocket_transform_pct,coordl_compute_pct,coordl_io_pct,coordl_transform_pct
22.986642835000016,87.40657871032653,84.2429115387576,2.671259711953335,8.915471028453306,10.280961135291097,43.4624716,25.8149322,30.7225962,11.9762691,29.7583088,58.265422099999995,12.3811386,50.9668283,36.6520331
23.808631971649056,87.48595869336278,84.80084445029158,2.7578425676803677,8.923567786723003,10.346332274759163,72.53202107253202,12.908849612908849,14.559129314559128,19.7425022,27.132767200000004,53.12473060000001,20.5437458,46.8276569,32.6285973
58.638377473920784,87.52408966725268,84.7631161234762,6.4265757605863225,8.927457146059774,10.341911772467295,96.80365060319635,1.3930855986069144,1.8032637981967363,72.2897205,9.3680539,18.3422256,66.81819910000002,19.507171600000003,13.674629300000001
86.71319026041311,88.38385752772865,89.36688803223885,9.383789374096848,9.015153467828323,10.881320381110651,98.123374,0.8610055,1.0156205,98.22258860000001,0.600892,1.1765193999999999,96.1419849,1.4770888,2.3809263
