disdl_epoch_time(min),tensorsocket_epoch_time(min),coordl_epoch_time(min),disdl_epoch_cost($),tensorsocket_epoch_cost($),coordl_epoch_cost($),disdl_compute_pct,disdl_io_pct,disdl_transform_pct,tensorsocket_compute_pct,tensorsocket_io_pct,tensorsocket_transform_pct,coordl_compute_pct,coordl_io_pct,coordl_transform_pct
190.12317524477194,619.667996239126,642.2766298418717,19.64256387496674,63.206135616390846,75.66391179647263,44.13235832265577,37.22212284772347,18.645518829620766,59.057487900000005,19.2127215,21.7297906,17.503495,47.814044700000004,34.6824603
195.43143025492407,618.437108555465,690.3980778842518,20.184005886002254,63.08058507265743,81.30214145877152,48.06087999552896,34.66752969384873,17.27159031062231,17.8098183,38.5686414,43.6215403,12.1347312,51.618384799999994,36.246884
319.4589523237257,619.0501089850717,800.5498206055112,32.83481313702003,63.143111116477314,94.20825398094573,83.42501093334995,11.063820805165905,5.511168261484129,37.7313912,29.2202255,33.0483833,49.802594500000005,29.281745199999996,20.9156603
421.70723923307713,616.3120731451856,1150.712906882408,43.26413840177387,62.86383146080894,135.23569558972218,81.9822460967639,12.280467418933897,5.7372864843022,50.8513101,23.0635601,26.0851298,51.615068099999995,26.5161145,21.8688174
