disdl_epoch_time(min),tensorsocket_epoch_time(min),coordl_epoch_time(min),disdl_epoch_cost($),tensorsocket_epoch_cost($),coordl_epoch_cost($),disdl_compute_pct,disdl_io_pct,disdl_transform_pct,tensorsocket_compute_pct,tensorsocket_io_pct,tensorsocket_transform_pct,coordl_compute_pct,coordl_io_pct,coordl_transform_pct
190.12317524477194,619.667996239126,641.965770816501,20.276307792449312,63.206135616390846,75.62748948066671,44.13235832265577,37.22212284772347,18.645518829620766,59.057487900000005,19.2127215,21.7297906,20.81147,49.7698071,29.4187229
195.43143025492407,618.437108555465,619.5920559640659,20.835443986852002,63.08058507265743,73.00603589045639,48.06087999552896,34.66752969384873,17.27159031062231,17.8098183,38.5686414,43.6215403,46.787381,32.794377499999996,20.4182415
319.4589523237257,619.0501089850717,649.8261792083324,33.899676311432444,63.143111116477314,76.54846733057629,83.42501093334995,11.063820805165905,5.511168261484129,37.7313912,29.2202255,33.0483833,16.4282703,52.8536258,30.7181039
421.70723923307713,616.3120731451856,651.1043490249342,44.66982919921746,62.86383146080894,76.69822622742146,81.9822460967639,12.280467418933897,5.7372864843022,50.8513101,23.0635601,26.0851298,56.3741112,27.779985800000002,15.845903
