run_id,job_id,job_speed,cache_capacity_gb,cache_hit_%,bacthes_processed,elapsed_time,throughput,compute_cost,cache_cost,total_cost
1745878329,RESNET18,0.104419951,100,0.75,8500,1950.0695834997316,4.35881881955479,6.630236583899088,1.7604794851039243,8.390716069003012
1745878329,RESNET50,0.33947309,100,0.75,8500,3948.021264999684,2.1529772585965747,13.423272300998926,3.5641858642358253,16.987458165234752
1745878329,VGG16,0.514980298,100,0.75,8500,5439.832533000615,1.562548102066553,18.495430612202092,4.910959925625555,23.406390537827647
1745878329,SHUFFLENETV2,0.062516984,100,0.75,8500,1593.8943640000975,5.332850276644481,5.419240837600332,1.4389324119445324,6.858173249544864
