run_id,job_id,job_speed,cache_capacity_gb,bacthes_processed,cache_hit_count,cache_miss_count,cache_hit_%,elapsed_time,throughput,compute_cost,cache_cost,total_cost
1745879794,RESNET18,0.104419951,100,8500,6150,2350,0.7235294117647059,887.5695834998746,9.576713936593796,3.0177365838995738,0.8012780962151645,3.8190146801147384
1745879794,RESNET50,0.33947309,100,8500,6842,1658,0.8049411764705883,2885.521264999705,2.9457415902983715,9.810772300998998,2.604984475346956,12.415756776345955
1745879794,VGG16,0.514980298,100,8500,8500,0,1.0,4377.332532999919,1.9418218597559214,14.882930612199726,3.9517585367360377,18.834689148935762
1745879794,SHUFFLENETV2,0.062516984,100,8500,0,8500,0.0,531.3943640000784,15.995653277193481,1.806740837600267,0.47973102305562637,2.2864718606558934
