sim_id,workload_name,job_speeds,dataloader,cache_capacity,cache_eviction_policy,size_per_batch,num_jobs,cache_miss_penalty,hourly_ec2_cost,hourly_cache_cost,max_cache_capacity_used,average_cache_capacity_used,cache_hit_count,cache_miss_count,cache_hit_percent,total_batches_processed,time_elapsed,throughput,compute_cost,cache_cost,total_cost
1745900543,imagenet_128,"{'RESNET18': 0.104419951, 'RESNET50': 0.33947309, 'VGG16': 0.514980298, 'SHUFFLENETV2': 0.062516984}",coordl,100,coordl,0.01953125,4,0,12.24,3.25,99.98046875,70.361806640625,21492,12508,63.21176470588236,34000,4377.332532999919,30.45993066384157,29.518180334698563,3.9517585367360377,33.4699388714346
1745900732,imagenet_128,"{'RESNET18': 0.104419951, 'RESNET50': 0.33947309, 'VGG16': 0.514980298, 'SHUFFLENETV2': 0.062516984}",coordl,100,coordl,0.01953125,4,0,12.24,3.25,99.98046875,70.361806640625,21492,12508,63.21176470588236,34000,4377.332532999919,30.45993066384157,29.518180334698563,3.9517585367360377,33.4699388714346
1745900931,imagenet_128,"{'RESNET18': 0.104419951, 'RESNET50': 0.33947309, 'VGG16': 0.514980298, 'SHUFFLENETV2': 0.062516984}",tensorsocket,0.1953125,tensorsocket,0.01953125,4,0,12.24,0,0.17578125,0.13901288824709462,31860,2140,93.70588235294117,34000,4377.332532999919,7.772193672258768,59.49415352068395,0.0,59.49415352068395
1745901235,imagenet_128,"{'RESNET18': 0.104419951, 'RESNET50': 0.33947309, 'VGG16': 0.514980298, 'SHUFFLENETV2': 0.062516984}",coordl,100,coordl,0.01953125,4,0,12.24,3.25,99.98046875,70.361806640625,21492,12508,63.21176470588236,34000,4377.332532999919,8681.817745499577,30.45993066384157,7.379545083674641,3.9517585367360377,11.33130362041068
