sim_id,workload_name,job_speeds,dataloader,cache_capacity,cache_eviction_policy,size_per_batch,num_jobs,cache_miss_penalty,hourly_ec2_cost,hourly_cache_cost,max_cache_capacity_used,average_cache_capacity_used,cache_hit_count,cache_miss_count,cache_hit_percent,total_batches_processed,time_elapsed,total_job_time,throughput,compute_cost,cache_cost,total_cost
1745902970,imagenet_128,"{'RESNET18': 0.104419951, 'RESNET50': 0.33947309, 'VGG16': 0.514980298, 'SHUFFLENETV2': 0.062516984}",coordl,200,coordl,0.01953125,4,0,12.24,3.25,145.87890625,85.34994657628677,25500,8500,75.0,34000,4377.332532999919,8681.817745499577,30.45993066384157,7.379545083674641,3.9517585367360377,11.33130362041068
1745902970,imagenet_128,"{'RESNET18': 0.104419951, 'RESNET50': 0.33947309, 'VGG16': 0.514980298, 'SHUFFLENETV2': 0.062516984}",tensorsocket,0.1953125,tensorsocket,0.01953125,4,0,12.24,0,0.17578125,0.13901288824709462,31860,2140,93.70588235294117,34000,4377.332532999919,17498.280447259986,7.772193672258768,14.873538380170988,0.0,14.873538380170988
1745903155,imagenet_128,"{'RESNET18': 0.104419951, 'RESNET50': 0.33947309, 'VGG16': 0.514980298, 'SHUFFLENETV2': 0.062516984}",tensorsocket,0.1953125,tensorsocket,0.01953125,4,0,12.24,0,0.17578125,0.13901288824709462,31860,2140,93.70588235294117,34000,4377.332532999919,17498.280447259986,7.772193672258768,14.873538380170988,0.0,14.873538380170988
1745903176,imagenet_128,"{'RESNET18': 0.104419951, 'RESNET50': 0.33947309, 'VGG16': 0.514980298, 'SHUFFLENETV2': 0.062516984}",tensorsocket,0.1953125,tensorsocket,0.01953125,4,0,12.24,0,0.17578125,0.13901288824709462,31860,2140,93.70588235294117,34000,4377.332532999919,17498.280447259986,7.772193672258768,14.873538380170988,0.0,14.873538380170988
